Filename,Transcription,Status
person_5_Nun ghatau far.wav,1 kg गाताओ,Success
person_1_चामल एक किलो थप - Clear.wav,चामल एक किलू थब�.,Success
person_5_Dal thapa no noise.wav,दाव विक्किले तबाव।,Success
person_4_tel kati baki cha - far.wav,तेल कोडि बागी जा।,Success
person_6_1c.wav,1 kg chaamal,Success
Nahiti Batukvairab Marga 43.m4a,बिसकित भीस पैकेट कटा हुँ,Success
Anda kati baki 1.mp3,अन्दा कोती बागी शा.,Success
person_1_दाल एक किलो बेच - Noise.wav,दाल एक किलो देज़ब।,Success
Nahiti Batukvairab Marga 57.m4a,ये साप पॉतिस्किनो तपा,Success
Besar thapa noise.m4a,एसा पात्सुस्कि लोड़ाबाद।,Success
person_8_chamal3.wav,चामाल एक तिलो बेच।,Success
person_7_22y.wav,दाल एक किलो बेचा,Success
person_3_13.1.wav,चुह निये कोटी बाखी न तुर 然後 भुलुं गदा,Success
person_5_Nun becha noise.wav,नुइ अइक्टिना वेजिन।,Success
person_2_13.1.wav,जीनी कोती बाकी छो?,Success
Besar thapau5.m4a,पेसार पौच्छीस किरो गाता हूँ,Success
person_1_नुन कति बाँकी छ - Mic_s far away.wav,नून कती बाकी छो?,Success
Besar kati baki 1.mp3,बिसर कोटी बाखी छो?,Success
person_3_11.3.wav,तेल एक लिटार बेजा,Success
person_2_11.3.wav,तेल एक लिटर बेचाओ,Success
Besar baaki5(1).m4a,बेसार कती पाकी छोग,Success
Biscuit ghatau 1.mp3,बिस्किट 20 पाकिट कोता।,Success
person_2_11.2.wav,एक लिटर तेल भेचाओ,Success
"13 Feb, 22.39​(7).wav",अड़ा पन्रोवरा तबा,Success
"person_8_tel4,.wav",तेल एक किल्यों बढ़ाँ,Success
person_3_11.2.wav,तेल एक लिटर बेजा,Success
person_1_चीनी एक किलो घटाउ - Mic_s far away.wav,큿ी 1 securing,Success
person_5_Chini thapa normal.wav,जी नी एक छी लू धाबा,Success
"13 Feb, 22.34​(9).wav",बेसार कती बागी था?,Success
Besar thapau4.m4a,बेसार पचिस किलो घाता हूँ,Success
person_7_55z.wav,1 kg कटाओ,Success
person_7_22x.wav,दाल एक किलो थापा,Success
Chiura ghatau 1.mp3,चीव्रा 5 किलो गटाउ,Success
Anda thapa1(1).m4a,अण्डा पंद्र अडद तपा,Success
person_8_chamal2.wav,सामालेक्किलो थर्प।,Success
person_1_चीनी एक किलो बेच - Clear.wav,सि Denni Ek Kiloo Bite,Success
Nahiti Batukvairab Marga 56.m4a,पेसार कटी बाकी छा?,Success
Nahiti Batukvairab Marga 42.m4a,बिस्किर बीस्पाकेर कटाओ।,Success
person_4_chamal Kati baki cha - far.wav,चामुल कोटी बाकी जो,Success
person_4_nun tjapa- noise.wav,नूँइट ब्लो धबा,Success
person_6_1b.wav,चामल एक किलो थप,Success
Besar bechey5(1).m4a,बेसार पचिस किलो बेचे,Success
person_2_9.1.wav,तेल कती बाकी था?,Success
Besar thapa3(1).m4a,भेशार पौचिस किलो धपा,Success
Besar ghatau 1.m4a,बिस्कृट बीस्पाकेट काता हूँ,Success
person_5_Nun kati baki noise copy.wav,अनुन कती बाटी जहाँ?,Success
person_1_तेल कति बाँकी छ - Mic_s far away.wav,तेल कोटी बागी छाँ?,Success
person_8_chamel4.wav,चामाल एक किलो गटाउ,Success
Chiura beche noise.m4a,चुडा पाथ किलोबीतें,Success
Anda baki12(1).m4a,अंडा कोती बाकी छो?,Success
person_2_9.3.wav,तेल कती बाकी छो?,Success
"13 Feb, 22.36​(2).wav",चुड़ा पाथ्स किलो धबा,Success
Anda ghatau noise.m4a,पाँड़ोड़ा काटाओवूं,Success
Besar baaki5.m4a,बेसार कती पाकी छोग,Success
Nahiti Batukvairab Marga 54.m4a,अड़ा पंद्रा अटा भेचे,Success
person_1_नुन एक किलो थप - Mic_s far away.wav,नूलणकि işi के आप Course,Success
Anda kati baki 2.mp3,अन्डा कदी बाकी जब?,Success
Nahiti Batukvairab Marga 40.m4a,पिस्किर बीज पैकेट बेचे,Success
person_4_tel ghatau.wav,तेल एक लिटर गटावू,Success
Chiura baaki5.m4a,छीव रा गाती बागी छाओ,Success
person_8_tel4.wav,तेल एक किलो गटाउ,Success
Maida baki normal.m4a,मही दा कोटी बाकी छो?,Success
Besar thapa5.m4a,बिसकृट भी स्पागेट थपा,Success
Chiura thap 4.mp3,जीव्राव पांस्किल तब्प।,Success
person_4_chamal ghatau - noise.wav,8 kg बड़ाओ,Success
person_2_13.2.wav,चीनी कटी बाकी था?,Success
person_7_55x.wav,नुन एक किलो थबा,Success
"13 Feb, 22.35​(4).wav",बिस्कृ बिस्पैकेट धबा,Success
person_3_13.2.wav,जिनी का दिवाखिछ आ।,Success
Chiura ghatau 3.mp3,चीवरा 5 किलो गटाव।,Success
person_2_2.wav,एक किलो चामल थपा,Success
person_7_22z.wav,ताल एक किलो कटाव।,Success
person_1_नुन एक किलो बेच - Noise.wav,नुन एक किलो बेजा,Success
Anda baki5(1).m4a,अन्डा कती बाकी छो?,Success
Chiura thapa5.m4a,times इस्ट्रिवराप南,Success
Maida ghatau 4.mp3,माईदा 10 किलो गटाव।,Success
Besar kati baki 2.mp3,बेसार कौती बाखी चाओ?,Success
person_7_5w.wav,अन कती बैकी सा?,Success
New Recording 59.m4a,बिसकिट बिस पैकेट बेचो,Success
Biscuit ghatau 3.mp3,बी स्वाके रवादाव।,Success
person_4_tel thapa - far.wav,तेल एक लिड़ धबा,Success
New Recording 58.m4a,बिसकिट बिस पैकेट थापा,Success
Besar bechey 1.m4a,मिस्कृदबीस्पागत् बेते,Success
"13 Feb, 22.34​(5).wav",अड़ा कती बागी था?,Success
person_3_11.1.wav,तेल एक लिटर बेजा,Success
person_1_चीनी एक किलो घटाउ - Noise.wav,C.B. 1 kg गटाओ,Success
person_2_11.1.wav,एक लिटर तेल भेचाओ,Success
"person_8_chini3,.wav",जिन्ये किल्यो बेट।,Success
Besar kati baki 3.mp3,वे सर कटी बागी छा?,Success
Chiura thapa4.m4a,tru자 Bhatsaki Lo Compiment pert 맛 kgasps soya,Success
person_3_13.3.wav,जिनी गदी बागी छौँ,Success
Chiura ghatau 2.mp3,जुरा 5 किलो गटाव।,Success
person_2_13.3.wav,ব� cogn বরর���ররেব্রে বেবে বে বর বররে ব্রে,Success
person_7_55y.wav,年 1 kg外,Success
Chiura thap 5.mp3,5 kg तॉप,Success
person_5_Nun ghata noise.wav,,Success
Besar thapa4.m4a,अबिसकोड बीस्पाकेट थोपाव।,Success
person_8_chamal1.wav,सामाल कती बाकी सा?,Success
Maida baki noise.m4a,माईदा कौटी बाकी था।,Success
person_5_Tel  kati baki normal.wav,दिल कोडी बाकी जहा?,Success
person_5_Dal kati baki normal.wav,दाल कोडी बाकी था?,Success
Chiura baaki4.m4a,चीवुराका तिपाकी तो,Success
Anda kati baki 3.mp3,अच्छाना को दिआद साथ।,Success
Nahiti Batukvairab Marga 41.m4a,बिस्कित बीश्पैकेट बेजे।,Success
Nahiti Batukvairab Marga 55.m4a,अंडा पान्द्रो वटाग आटाव।,Success
person_6_1a.wav,चामुल कती बाकी सा?,Success
Besar baaki4.m4a,विशर कोती बाकी छो?,Success
person_5_Nun kati baki  far.wav,नुण कटे बागी था?,Success
person_1_चामल कति बाँकी छ - Mic_s far away.wav,चामल कती बांकी छाँ?,Success
person_2_9.2.wav,तेल कोती बाकी था?,Success
Anda ghatau3(1).m4a,अंडप पून्धो रोड़ा गताव।,Success
person_5_Dal thapa noise.wav,अच्छान इद्टिनी ताबा,Success
person_4_chamal ek kilo becha - far.wav,चामल एक किलो भेज़ा,Success
"13 Feb, 22.37​(3).wav",25 kg थाबा,Success
person_5_Chamal ghatau no noise.wav,चामल एकिल गटाओ,Success
person_1_दाल एक किलो घटाउ - Mic_s far away.wav,दाल एक किलो बढ़ाव।,Success
person_8_chamel1.wav,चामल कती बाकी छा?,Success
"13 Feb, 22.37​(2).wav",बेसार कोती बाकी सो?,Success
Besae beche noise.m4a,अभी साथ पाथस्सस्किन अभी तेइ।,Success
person_3_9.3.wav,तेल कोती बागी छाँ।,Success
person_8_chamal.2.wav,चामाले किलो थाप्प।,Success
New Recording 8.m4a,चिव्रा पांज किलो गठाव।,Success
person_3_17.3.wav,уть margins,Success
person_1_तेल कति बाँकी छ - Clear.wav,तेल कोती बाकी जो,Success
person_2_17.3.wav,नून कती बाकी था?,Success
person_4_chamal ek kilo thapa.wav,,Success
person_1_दाल एक किलो बेच - Mic_s far away.wav,दाल एक किलो बेचाँ,Success
Nahiti Batukvairab Marga 51.m4a,मैदा तोस किलो घटा हूँ,Success
person_3_15.1.wav,জিনি এখ খোলা বেদ্ আ,Success
Nahiti Batukvairab Marga 45.m4a,तुरा बाइज्किला थबड।,Success
person_2_15.1.wav,एक किलो चीडि बेचा,Success
Chiura thap 1.mp3,चुरा 5 किलु धुप,Success
person_8_tel1.wav,तेल कोती बांकी शा?,Success
Besar thap 1.mp3,भेसार पौचीस किलो थौप।,Success
person_5_Nun thapa normal.wav,,Success
Besar thapau3.m4a,बेसार पौचिस किलो गटा हो,Success
Maida ghatau 1.mp3,माईदा 10 किलो कटाव,Success
person_5_Tel kati baki noise.wav,तीम को दिबागी जो,Success
"person_8_chini2,.wav",सीनी गिलताथ,Success
New Recording 48.m4a,महिदा 10 किलो गटा हूँ।,Success
"13 Feb, 22.34​(4).wav",मैदा 10 किलो कटाव,Success
New Recording 60.m4a,बिसकिट बिस पैकेट गटा हूँ,Success
person_4_daal thapa.wav,दाल एक किलू थबा,Success
New Recording 49.m4a,अड़ा कती बाकी सो?,Success
person_5_Chink becha far.wav,जीनी एकलो बेजा,Success
person_5_Chamal ghatau far.wav,तामल एक्किल्लो गडाव।,Success
person_7_4w.wav,चिनी कोती बागी सा?,Success
"13 Feb, 22.35​(5).wav",बिस्कृ 20 पैकेट बेजें,Success
Chiura thapa1.m4a,25 kg तपर,Success
Besar thapau2.m4a,बेसार पौचीस किलो गटा हूँ,Success
Anda ghatau1(1).m4a,अन्डप पन्दरोता का ताव।,Success
person_5_Chini thapa far.wav,जीनी एक्छला धबा,Success
Besar thapa1.m4a,25 kg थापा,Success
Nahiti Batukvairab Marga 44.m4a,चीव्रा कटी बाकी छा?,Success
Nahiti Batukvairab Marga 50.m4a,महिदा 10 किलो भेचे,Success
Chiura baaki1.m4a,जिबुरा कती बाकी छो?,Success
"13 Feb, 22.36​(3).wav",चुरा पाच किलो बेजें,Success
person_6_1d.wav,चामल एक किलो खटाव,Success
Besar baaki1.m4a,बेशार कोती बाकी छो?,Success
person_2_17.2.wav,मुन कती बाकी जब ?,Success
person_3_17.2.wav,गाती बाकी छाँ।,Success
person_4_tel thapa.wav,तिल एक लिटों धपा,Success
New Recording 9.m4a,अइदा कती बाकी छो?,Success
person_3_9.2.wav,इल्कती बागी छौप।,Success
person_4_nun ghatau - noise.wav,आइँ आ आ किलो बढ़ाई तरके,Success
person_5_Nun ghatau normal.wav,नुन यतिलो कटाव,Success
Anda ghatau normal.m4a,अड़ा पंद्रवोटा गथाओ।,Success
person_1_तेल एक किलो थप - Noise.wav,तेल एक किलो थाबब,Success
person_8_chamel2.wav,चामाले किलो थोप।,Success
person_1_चामल कति बाँकी छ - Clear.wav,चामल कति बाकी छो?,Success
Chiura baki normal.m4a,छुरा कोटी बाकी था?,Success
person_5_Chamal kati baki normal.wav,चामल कोडि बाती जहा?,Success
Chiura 5 kilo thapa.m4a,चीवरा पात्किलो थबा,Success
person_5_Chamal kati baki far.wav,जा हमाल कौची बाकी जा।,Success
person_8_chamal.1.wav,चामल कती बांकी छा?,Success
person_5_Tel thapa far.wav,तेल एकिल धबाग,Success
Besar baaki3.m4a,बिसार कती बागी थो?,Success
person_1_चामल एक किलो घटाउ - Mic_s far away.wav,चामल एक किलो कटाव।,Success
Anda bechey2(1).m4a,अन्दा पांद्रो अदा बेजे।,Success
Chiura baaki3.m4a,चिव्राकाती बाकी छो,Success
person_2_15.2.wav,एक किलो चीडि बेचाँ।,Success
Anda kati baki 4.mp3,अम्मभदी बागी छोँ?,Success
Nahiti Batukvairab Marga 46.m4a,जिरा पाँछ किलो भीचे,Success
Nahiti Batukvairab Marga 52.m4a,अंड़ा कती बाकी शा?,Success
person_3_15.2.wav,जुनी एक किलो बेचा,Success
Chiura thap 2.mp3,चीव राए 5 किल्ल तब।,Success
Besar thapa3.m4a,भेशार पौचिस किलो धपा,Success
person_4_tel kati baki cha - noise.wav,तेल कोती बागी जहाँ?,Success
person_8_tel2.wav,देलेक्डिल तब।,Success
Biscuit beche.m4a,बिसकुट बिसपागिद पीची,Success
Chiura thapa3.m4a,चीव्रा बाच किलो थपा,Success
Maida ghatau 2.mp3,माईदा 10 किलो कटाव।,Success
Besar thap 2.mp3,बिसार्पजिस्कुड थाओप।,Success
Chiura ghatau 5.mp3,जीव्रा 5 किलो भटाव,Success
"13 Feb, 22.34​(10).wav",बेसार पचिस किलो थापा,Success
Maida beche noise.m4a,मैं दाँदोस्पिन अभेतिन।,Success
Chiura bechefar.m4a,चुड़ा 5 किलो बेचे,Success
person_4_daal becha - noise.wav,दाल एक किलो बेचाँ,Success
"13 Feb, 22.34​(8).wav",अण्ड़ पन्दरवड़ कटाव।,Success
New Recording.m4a,चुरागती बाकी छाँ?,Success
person_4_daal thapa - noise.wav,दाल इत कीवू थोकाई,Success
"13 Feb, 22.39​(6).wav",अन्डा गती बागी साथ।,Success
person_5_Chamal becha no noise.wav,चामल एक किलो बेज़ाँ,Success
Chiura ghatau noise(1).m4a,पुरापाथ किलोवा टाउगुगुप।,Success
person_5_Tel becha no noise.wav,तेल एक किलू बेजाओ,Success
Anda beche normal.m4a,अन्ड़ा पान्द्रविड़ा बेचे.,Success
"person_8_dal1,.wav",तादगादी बाइंकी छो?,Success
Chiura ghatau 4.mp3,चीवरा 5 किलो कटाव।,Success
Besar thap 3.mp3,25 kg तौब,Success
Maida ghatau 3.mp3,अमाई दा 10 किलो गटा लिए।,Success
Chiura thapa2.m4a,চেউডা পাছ কিল তা পা.,Success
person_8_tel3.wav,तेलेक्ड्किलोबेट।,Success
Besar thapa1(1).m4a,25 kg थापा,Success
Besar thapa2.m4a,देसार पटिस्किलो थापा,Success
Chiura thap 3.mp3,जीव रहा पाँच कीटो थोब।,Success
Chiura thapa far.m4a,0.8kg,Success
person_3_15.3.wav,বের্ররেরে বেরর্রের্রে,Success
Nahiti Batukvairab Marga 53.m4a,अंड़ा पांद्रा वाटा थपा,Success
Anda kati baki 5.mp3,पर्मदा कोड़ी बाकी छाओँ,Success
person_2_15.3.wav,See the 8 Knight,Success
Nahiti Batukvairab Marga 47.m4a,चुरा पाच किलो घटा हुँ,Success
Chiura baaki2.m4a,चीव्रा कती बाकी छो?,Success
Anda thapa3(1).m4a,अड़ा पण्रो अटा थोपा,Success
Besar baaki2.m4a,बिसार् कती बागी छो,Success
Besar thapa4(2).m4a,देशार पाचीस किला थापा,Success
person_3_17.1.wav,геро beginner,Success
person_2_17.1.wav,වසවි regrets,Success
Maida thapa normal.m4a,माइदा 10 किलो थापा,Success
person_3_9.1.wav,तिल कती बाईकी छा,Success
person_8_chamel3.wav,तामो लिठः घड़ि�כלु unlithesiah,Success
person_7_222z.wav,दाल एक किलो कटाव।,Success
person_8_nun3.wav,नून एक किलो बेट्स।,Success
"13 Feb, 22.39​(10).wav",बेसार कती बाकी छो?,Success
"13 Feb, 22.40​(6).wav",बिस्कृ भी अपकेट बेचें।,Success
"13 Feb, 22.36​(4).wav",चुड़ा 5 किलो कटाओ,Success
Chiura ghatau noise.m4a,तुम्जाए पाच किलो गटाओ।,Success
person_6_333a.wav,तेल कठी बाकी शाँ।,Success
person_2_12.2.wav,1 litre तेल कटाओ,Success
Nahiti Batukvairab Marga 20.m4a,अडा कती बागी था?,Success
Nahiti Batukvairab Marga 34.m4a,25000 kg गटाउ।,Success
person_3_12.2.wav,तेल एक लिटर घाटा हुँ,Success
Maida ghatau5.m4a,मैदा 10 किलो भाटाव,Success
person_2_8.3.wav,दाल एक किलो घटाव,Success
person_1_चामल एक किलो थप - Mic_s far away.wav,चामल एक किलो थबः,Success
"13 Feb, 22.35​(2).wav",पेसार पुछ्छिस किलो का टावु,Success
person_5_Nun thapa noise.wav,नून इक्छी नुट अग्वाँ।,Success
Biscuit baki noise.m4a,"विस्पू, क्याठिवाइपी छाहूँग।",Success
Anda ghatau5(1).m4a,अंड़ा पौन्दरोता गटाव।,Success
person_7_111y.wav,चामल एक किलो भेचा,Success
person_7_3w.wav,तेल कती बागी सा?,Success
Anda baki1.m4a,अण्डा कोती बाकी था?,Success
New Recording 11.m4a,महिदा दस किलो थपःप,Success
Besar ghatau4.m4a,बिस्कृट बीस्पागेट का ता हुँ,Success
person_5_Dal ghatau far.wav,वाद इक्चिन गधा हूँ।,Success
New Recording 39.m4a,बिस्कृट बीस्पैकेट गटाउ,Success
New Recording 38.m4a,biscuit bis packet beche,Success
person_5_Dal becha far.wav,,Success
Besae beche far.m4a,पेशार पाथ से स्फिल भीचे,Success
person_4_chini thapa.wav,चीनी एक किलो थबा,Success
Besar ghatau5.m4a,बिस्कृ बिस्पागेट गोताव।,Success
person_4_nun becha - noise.wav,नुइप इस्किलो भेजाओ,Success
New Recording 10.m4a,अइन्दा कती बाकी छो?,Success
"13 Feb, 22.34​(3).wav",मैदा दस किलो बेचे,Success
person_7_111x.wav,फिलीजी.,Success
person_8_dal4.wav,दाल एक किलो गटाउ,Success
person_5_Chini kati baki normal.wav,RSRI,Success
person_2_8.2.wav,दाल एक किला कटाव।,Success
Maida ghatau4.m4a,मैदा 10 किलो गाता हूँ,Success
Anda bechey1.m4a,अंड़ पण्रोता बेचे,Success
Nahiti Batukvairab Marga 35.m4a,2725 kg गटा हूँ,Success
person_3_12.3.wav,एक लिटार गटा हूँ।,Success
Nahiti Batukvairab Marga 21.m4a,अडा कोती बागी साओ,Success
person_2_12.3.wav,तेल एक लिटर घाताओ,Success
person_7_333w.wav,ती पाती बाके सा।,Success
Chiura ghatau1.m4a,चुरा पाच किलो गटाउ,Success
Anda baki3(1).m4a,अन्डा कटी बाकी छो?,Success
person_3_10.1.wav,तेल एक लिटर थपा,Success
person_2_10.1.wav,1 litre oil,Success
person_1_नुन एक किलो थप - Noise.wav,नुन एक किलो थापा,Success
person_1_नुन कति बाँकी छ - Clear.wav,नुन कती बाकी छा.,Success
"13 Feb, 22.37​(5).wav",ববু বু বুব 2025 kg বেবু বে বুব,Success
person_8_nun2.wav,,Success
person_1_चामल एक किलो घटाउ - Clear.wav,चामल एक किलो गटाव।,Success
person_5_chamal Thapa no noise.wav,जामल इट्गिली थबा,Success
person_7_222y.wav,दाल एक किलो बेचा,Success
Anda beche 4.mp3,पुन्दरूडबीची,Success
person_3_10.3.wav,त्येम एक लिटर थबा,Success
person_1_चीनी कति बाँकी छ - Noise.wav,1955年....,Success
person_2_10.3.wav,तेल एक लिटर थापः,Success
person_7_11w.wav,अमल कती बागी छा?,Success
Chiura ghatau3.m4a,चुरा पाच किलो घटाओ,Success
person_5_Chamal ghatau noise.wav,तामन इकिनो गाताउ।,Success
person_6_333b.wav,तेल एक लिटर थबा,Success
"13 Feb, 22.36​.wav",चौरा कती बाकी था?,Success
"13 Feb, 22.36​(8).wav",मैदा 10 किलो कटाउ,Success
person_3_12.1.wav,तेन एक लिटर गटाउ,Success
Anda ghatau 5.mp3,अन्डा पान्ड्रावुद्डा गटावु,Success
Nahiti Batukvairab Marga 37.m4a,बिसकेट काती बाके था?,Success
person_2_12.1.wav,एक लिटर तेल कताओ,Success
Nahiti Batukvairab Marga 23.m4a,अंडा पंड्र अटा थवा,Success
Anda bechey3.m4a,अंड़ पौन्दरू वटा बेचे,Success
person_1_तेल एक किलो थप - Mic_s far away.wav,तेल एक किलो थबा,Success
person_4_daal kati baki cha.wav,दाल कोती बागी जहो,Success
Besar thapa5(1).m4a,वेसार पौचीस किलो थापाओ,Success
person_7_111z.wav,चामल एक किलो कटाव,Success
Besar bechey3(1).m4a,बेसार पौत्टीस किलो बेते,Success
person_1_नुन एक किलो घटाउ - Noise.wav,नुन एक किलो गडाव।,Success
New Recording 12.m4a,माईदा दोस किलो थपा,Success
person_4_tel becha - far.wav,Kendali pritha,Success
person_5_Nun thapa far.wav,నినులికొను థాప్,Success
New Recording 13.m4a,महिदा 10 किलो बेचाओ,Success
Anda baki3.m4a,अन्डा कटी बाकी छो?,Success
"person_8_tel2,.wav",देलेक्टिने पाथ,Success
person_1_दाल कति बाँकी छ - Clear.wav,दाल कती बाकी छाँ,Success
Besar baki far.m4a,बिसार कोडिबाकी छवाओ।,Success
person_1_चीनी एक किलो थप - Clear.wav,odynamics world,Success
person_2_8.1.wav,दाल एक किलो कटाव।,Success
Besar baaki3(1).m4a,बिसार कती बागी थो?,Success
Anda bechey2.m4a,अन्दा पांद्रो अदा बेजे।,Success
person_6_11d.wav,चामल एक किलो खटाव,Success
Nahiti Batukvairab Marga 22.m4a,अण्डा पंड्रा वटा धपा,Success
Anda ghatau 4.mp3,अण्डा पून्द्रोत्ट गटाव।,Success
Nahiti Batukvairab Marga 36.m4a,बिस्कृत कोती बाकी छा?,Success
person_6_333c.wav,तेल एक लिटर बेचा,Success
person_5_Dal becha noise.wav,नाल इपने बेटुने।,Success
Chiura ghatau2.m4a,चुरा पाज किलो गटाओ,Success
Maida ghatau noise.m4a,अपने दा 10 किलो गाटा हूँ।,Success
person_5_Chamal becha far.wav,तामज़े किलबेता।,Success
person_2_10.2.wav,1 litre oil,Success
"13 Feb, 22.37​(9).wav",बिसकृ बीस पाकेट को ताउ,Success
person_4_chamal ek kilo thapa - far.wav,चामल एक किलो थबब,Success
person_3_10.2.wav,तेल एक लिटार थपा,Success
person_6_555d.wav,Yoshika,Success
person_5_Tel thapa no noise.wav,1 kg dhaba,Success
Anda beche 5.mp3,अन्ना पून्रोब अब भीचीः,Success
person_7_222x.wav,दाल एक किलो धपा,Success
person_8_nun1.wav,नुन कटी बांकी छा?,Success
Anda beche 1.mp3,अण्ड़ा पुन्रूता बीचे,Success
person_7_555w.wav,नूम कती बाकी साथ?,Success
"13 Feb, 22.37​(8).wav",बिस्कृ बीस पैकेट बेजे हैं,Success
Maida ghatau3.m4a,मैदा 10 किलो गाता हूँ,Success
Nahiti Batukvairab Marga 32.m4a,बेसार पुछिस किलो पेचे,Success
person_7_44z.wav,sugar,Success
Chiura baki fan.m4a,छुरा कोछी बाकी था।,Success
person_7_33x.wav,तिल एक लिटर धबा,Success
Nahiti Batukvairab Marga 26.m4a,अंडप अंद्रो ओटाग अटाव।,Success
Nahiti Batukvairab Marga 5.m4a,जुरागती बाके छार।,Success
person_5_Dal becha normal.wav,तान एक तिलो बेजाओ।,Success
person_2_14.2.wav,एक किलो चीडि तपा,Success
person_3_14.2.wav,� triangle ਹ ਹ,Success
Anda thapa5(1).m4a,अण्ड़ पंद्रा अटा तपा,Success
person_8_dal3.wav,दाल एक किलो बेट्स,Success
person_7_1y.wav,चामल एक किलो बेचा,Success
person_1_नुन एक किलो घटाउ - Mic_s far away.wav,नुण एक किलो गड़ाव।,Success
Besar ghatau2.m4a,बिस्कृट बिस्पागेट गटा हूँ,Success
New Recording 17.m4a,अंडा कती बाकी थो?,Success
"person_8_tel3,.wav",तेलेक्किलुपिट्स।,Success
person_3_16.1.wav,चीदी एक किलो गटाओ,Success
New Recording 16.m4a,माइदा दौस किलोग अथाओ,Success
person_2_16.1.wav,1 kg चीडी कटाओ,Success
Besae beche normal.m4a,बेसार्पुतिस्किलो बेजी।,Success
Besar ghatau3.m4a,बिस्कृ बिस्पाकेट गटाव।,Success
person_7_1x.wav,अपनी एक कीलो थापा।,Success
Anda bechey4(1).m4a,अंडब पंदरोडबेजे,Success
person_3_8.1.wav,दाल एक किलो कटाव।,Success
person_8_dal2.wav,दालेक्किलोत्हुप्,Success
Chiura beche normal.m4a,चीव्रा 5 किलो बेजे,Success
person_4_daal kati baki cha - far.wav,दाल कोती बाकी थी हुआ।,Success
person_1_दाल एक किलो घटाउ - Clear.wav,दाल एक किलो गटाव,Success
person_5_Chini ghatau noise.wav,किनी एकिलो गटाया हूँ,Success
person_3_14.3.wav,जिन्इ एक किलो धबा,Success
person_4_daal kati baki cha - noise.wav,दाल का ती बागी था हैं।,Success
person_2_14.3.wav,टीदि 1 किलो बिट्धspe None of the��,Success
person_1_चामल एक किलो बेच - Noise.wav,चामल एक किलो देचाँ,Success
Besar baaki1(1).m4a,बेशार कोती बाकी छो?,Success
person_1_दाल एक किलो थप - Clear.wav,दाल एक किलो थबप,Success
Nahiti Batukvairab Marga 4.m4a,जुराग अधिइ बागे छाँ,Success
"13 Feb, 22.36​(9).wav",अड़ा कटी बाकी जा?,Success
"person_8_nun1,.wav",убий-feh scaling,Success
Nahiti Batukvairab Marga 27.m4a,अन्डा पंद्रों अटाग अटाग।,Success
person_6_11a.wav,चामल कोती बाकी सा?,Success
person_7_33y.wav,तेल एक लिटर बेजा,Success
Nahiti Batukvairab Marga 33.m4a,बिसार पचिश किलो बेचे,Success
Biscuit thap 1.mp3,biscuit 20 packet thop,Success
Anda ghatau 1.mp3,अन्ड़ा पन्द्रूत्वत्व कटाव।,Success
Biscuit kati baki 1.mp3,अपने प्रवाइज्ट्रूटि बागी साओ।,Success
Maida ghatau2.m4a,माईदा 10 किलो गटाओ,Success
person_7_444z.wav,चीनी 1 किलो कटाव।,Success
"13 Feb, 22.37​.wav",अंड़ाप्माद्रावता कटाव।,Success
person_5_Dal kati baki far.wav,तान कोई बाके सो।,Success
Biscuit thapa noise.m4a,इसकुप इसबके पापाओगवाद।,Success
person_4_nun thapa.wav,नून 1 किलो धबा,Success
person_8_nun4.wav,utlich नुन एक किलो गटाु,Success
person_6_555a.wav,मुँद कती बाकी सब।,Success
person_5_Dal kati baki cha noise.wav,ताइउकाइपाइत्माँ।,Success
person_6_555c.wav,नीण 1 किलो बेचा,Success
Anda beche 2.mp3,अड़ा पन्दरोड़ बिसी।,Success
"13 Feb, 22.37​(4).wav",बेसार पचिस किलो बेचें,Success
Chiura ghatau5.m4a,चुरा पाच किलो गटाव।,Success
person_6_333d.wav,तेल इकलितर काताओ,Success
"13 Feb, 22.40​.wav",बेसार पुछ्टिस किलो थबा,Success
person_7_444x.wav,चीने एक किलो धबा,Success
Nahiti Batukvairab Marga 19.m4a,माइता 10 किलो गटाव।,Success
Anda bechey5.m4a,अंड़ा पन्डर अटा बेचे,Success
Biscuit kati baki 3.mp3,बिस्कीट कोडिपा की छाद,Success
person_6_11c.wav,1 kg,Success
Nahiti Batukvairab Marga 25.m4a,अड़ा पंद्रा अटाय बेचे,Success
person_7_44y.wav,इसचीने एक किलू बेचा,Success
person_1_दाल एक किलो थप - Mic_s far away.wav,दाल एक किलो थाबब,Success
Anda ghatau 3.mp3,अड़ा पान्ड्रावता कटावूँ,Success
Biscuit thap 3.mp3,बिस्कि बिस्पेकिर था।,Success
Nahiti Batukvairab Marga 31.m4a,1025 kg तबा,Success
Nahiti Batukvairab Marga 6.m4a,जुरा पाँच किलो थपा,Success
Anda baki12.m4a,अंडा कोती बाकी छो?,Success
Chiura ghatau nirmal.m4a,चुरा 5 क्कलो काटाओ,Success
Maida beche normal.m4a,मैदा 10 किलो बेची,Success
person_3_14.1.wav,ਸੰਹਸੰਸਸਸਸੰਸਸਸਸ GREEN��ਸਸ ੰਹ ਹਹ ਹਹ ਹਹ ਹਹ,Success
person_2_14.1.wav,एक किलो चिडि थपा,Success
Besar ghatau far.m4a,बे सार्पत्स किलो कटाओ।,Success
person_5_Tel ghatau noise.wav,तेन्टेत्रिकलोगादार।,Success
person_7_1z.wav,चामल एक किलो कटावु,Success
Besar bechey 1(1).m4a,बेसार पौत्तिस किलो बेते,Success
person_3_8.3.wav,डाल एक किलों कटाव।,Success
"person_8_chini4,.wav",चीनी एक किले बटाव।,Success
New Recording 28.m4a,वेसार पत्छिस किलो थपा,Success
Anda baki noise.m4a,अड़ा कती बाकी छा?,Success
New Recording 14.m4a,महेदा 10 किलो बेचे।,Success
Anda baki4.m4a,अन्दा कती बाकी छो?,Success
person_3_16.3.wav,"east ήταν 9,O",Success
"13 Feb, 22.34​(2).wav",मैदा 10 किलो थापा,Success
person_2_16.3.wav,CD 1 kg गटाओ,Success
person_2_16.2.wav,एक किलो चीडी गटाओ होगोग।,Success
New Recording 15.m4a,मैदा दोस किलो काटाव।,Success
person_3_16.2.wav,चीनी एक किलो गटाओ,Success
Anda baki5.m4a,अन्डा कती बाकी छो?,Success
New Recording 29.m4a,बेसार पट्छिस किलो बेचे.,Success
Anda baki1(1).m4a,अण्डा कोती बाकी था?,Success
person_3_8.2.wav,लेक्किलोग अटाउ।,Success
person_7_2w.wav,ताल कोती बाकी साओ,Success
person_8_dal1.wav,दाल कती बाकी छा?,Success
"13 Feb, 22.35​(3).wav",बिसकृ कोटि बागी चाहूँ,Success
person_1_चीनी एक किलो बेच - Mic_s far away.wav,Cindhi 1 kg  Напр,Success
person_5_Tel tapa noise.wav,देव हे तुला थुबाव।,Success
Nahiti Batukvairab Marga 7.m4a,biscStevie,Success
person_1_तेल एक किलो बेच - Noise.wav,तेल एक किलों देचाब।,Success
person_1_तेल एक किलो घटाउ - Noise.wav,तेल एक चिनू गटा हूँ,Success
Anda ghatau 2.mp3,उन्नापुन्नावावा गटावुप।,Success
person_7_44x.wav,చిన్య ఎక్లు థాల థాలా,Success
Nahiti Batukvairab Marga 30.m4a,बेसार पचिछ किलो थपा,Success
Biscuit thap 2.mp3,बिसकिड बिस्पैबेट तॉप।,Success
Nahiti Batukvairab Marga 24.m4a,अंड़ा पंद्रा ओटाबीचे,Success
person_6_11b.wav,चामल एक किलो थपग,Success
person_7_33z.wav,तेल एक लिटर कटाव।,Success
Maida ghatau1.m4a,मैं दा दोस किलो करता।,Success
Anda bechey4.m4a,अंडब पंदरोडबेजे,Success
Biscuit kati baki 2.mp3,अभी स्टिपाइदी पाकी छाओ।,Success
Nahiti Batukvairab Marga 18.m4a,मैदा दोस किलो गटाउ,Success
person_4_chamal ghatau - far.wav,चामल एक किलो गटाव।,Success
person_7_444y.wav,चीनी एक किलो भेचर।,Success
"13 Feb, 22.36​(5).wav",महिदा कती बाकी सा?,Success
"13 Feb, 22.40​(7).wav",बिस्कृ बीस पैकेट कटाव।,Success
Chiura ghatau4.m4a,चीवरा पाच किलो गटाउ,Success
person_5_Nun kati baki normal.wav,नून कटे बाते था?,Success
Anda beche 3.mp3,अंडप पन्रोडप भीची।,Success
person_6_555b.wav,NULN各nas,Success
person_6_222d.wav,दाल एक किलो काताओ,Success
"13 Feb, 22.37​(7).wav",बिस्कृ बीस्पाकेट थाबा,Success
person_7_555x.wav,削тобы तुमनुन देखा दिसाइई Sommerler disease,Success
person_5_chamal Thapa Far.wav,तामे एक किलो ताबा,Success
person_4_daal ghatau - far.wav,दाल एक किलो गटा होने,Success
person_5_chamal thapa noise.wav,ताम एक किलो धबाइ।,Success
person_2_2.1.wav,एक किलो चामल थपा,Success
person_6_444c.wav,cık्छ придумाshots quadrant,Success
person_6_5a.wav,नून कती बाकी जब,Success
Nahiti Batukvairab Marga 15.m4a,मैदा 10 क्रिलो तपा,Success
"person_8_tel3,,.wav",तेलेक पिलो बेच।,Success
person_4_nun ghatau - far.wav,नुण एक किलो कटावुद।,Success
person_7_33w.wav,ન restrictionäg ન  indispens ન,Success
Nahiti Batukvairab Marga 29.m4a,बेसार कटी के बागी छाँ।,Success
person_1_दाल एक किलो घटाउ - Noise.wav,दाल एक किलो कटाव।,Success
"13 Feb, 22.36​(10).wav",अंडब पंदर वड़ा थाबा,Success
person_3_4.2.wav,चामाल एक किलो गटाव।,Success
person_4_chini ghatau - far.wav,sugar 1 kg,Success
person_7_2z.wav,ताल एक किलो कटावु,Success
Anda ghatau2(1).m4a,अड़ा पंदोल ता खटाउ।,Success
New Recording 30.m4a,बेसार पत्छीस किलो बेचे,Success
person_1_चामल एक किलो बेच - Clear.wav,चामल एक किलो बेचा,Success
New Recording 24.m4a,अन्टा पन्द्रो अडा कताव।,Success
person_1_दाल एक किलो थप - Noise.wav,दाल एक किलो थबब,Success
New Recording 18.m4a,अंडा कती बाकी छो?,Success
Biscuit ghatau noise.m4a,बिस कूप बिस पाकेट को थाह।,Success
New Recording 19.m4a,अंडा पंद्रा ओटाय थपा,Success
person_3_6.1.wav,दालेक्किलो धबः,Success
person_4_chamal ek kilo becha - noise.wav,चामल एट किलो रेजा,Success
New Recording 25.m4a,बेसार कती बाकी छो?,Success
New Recording 31.m4a,बेसार पचिस किलो गटाउ,Success
person_2_18.1.wav,ooth hivaran,Success
person_4_chamal ek kilo thapa - noise.wav,1 kg,Success
person_7_1w.wav,चामुल कोटी बागी छा।,Success
person_4_nun - far.wav,मुन कोटी बाईती जब?,Success
person_3_18.1.wav,� por � Flor ਹ ਹ મ ઁ ્ ષ સ ઢ જ સ પ વ ય ા ર ળ ੰ લ ી ત સ ર ઼ ੰ િ ં ન દ મ ੰ ર ન સ ન ੱ મ ા ન ੱ ન ન ઔ ન ી ન � ко ી ન ન ન ન ન ન ન ન ન ન ન ન ન ન,Success
Anda ghatau far.m4a,वाण्डा पोंधे लेगा गाटां,Success
person_5_Nun becha far.wav,नुन एक किलू देजा,Success
person_3_4.3.wav,अमाल एक किलो गटाव।,Success
Nahiti Batukvairab Marga 28.m4a,बेसार कती पाइकी चा?,Success
"13 Feb, 22.38​.wav",चौरा कती बाकी छखुआँ।,Success
Nahiti Batukvairab Marga 14.m4a,मैदा दास किरो तबा,Success
person_6_4d.wav,ज्ञीन partial啦रु들이 गामा।,Success
Biscuit beche noise.m4a,विस्त्रिक्यूटू विस्ट्पाकेट बेजिएव।,Success
person_8_chini1.wav,जिनी कती बाग्की छो?,Success
"13 Feb, 22.36​(6).wav",मैदा 10 किलो थाबा,Success
person_6_444b.wav,completamente halten h tutor offered,Success
"13 Feb, 22.40​(4).wav",बिस्कृ खती बाकी छाँ?,Success
Anda baki4(1).m4a,अन्दा कती बाकी छो?,Success
person_6_33d.wav,तेल एक लिटर काटाव,Success
person_7_555y.wav,Nune 1 kg Vecha Tapio Butter,Success
Maida beche far.m4a,माईदा 10 किलो बेचे,Success
person_6_44d.wav,2.2 kg चिनी,Success
person_8_chini3.wav,जिनी येक्किलुबेत्स।,Success
person_7_444w.wav,चिनी कती बाकी सा?,Success
person_6_5b.wav,respace  Mormon,Success
Nahiti Batukvairab Marga 16.m4a,महिदा 10 किलो पेचा,Success
Maida baki far.m4a,माइन दाकोती बाकी था।,Success
Nahiti Batukvairab Marga 9.m4a,जुराबाच किलो बेचा,Success
person_4_chini kati baki cha.wav,जिनी को ती बाकी था।,Success
person_3_4.1.wav,चामाल एक किलो गटाव।,Success
Besar ghatau noise.m4a,25 kg गाटाओ,Success
Besar bechey4(1).m4a,25 kg बेचे,Success
person_7_2y.wav,दाल एक किलो बेजा,Success
person_1_तेल एक किलो बेच - Clear.wav,तेल एक किलो बेचा,Success
Maida ghatau normal.m4a,मैदा 10 किलो काटाव।,Success
person_1_तेल एक किलो घटाउ - Clear.wav,तेल एक किलो गटाओ,Success
person_5_Dal thapa far.wav,दाँ इकले तपा,Success
person_6_111d.wav,चामल एक किलो कटाव,Success
Besar thapa2(1).m4a,देसार पटिस्किलो थापा,Success
person_2_18.3.wav,DIA fortunate,Success
person_3_18.3.wav,उन्हें एक किलो थबार।,Success
"13 Feb, 22.39​(3).wav",मैदा 10 किलो तबा,Success
New Recording 27.m4a,वेसार पचिस किलो थपः,Success
New Recording 33.m4a,बिस्कृत कती बाकी थो?,Success
person_4_chamal ghatau.wav,चामल एक किलो घटाू,Success
person_3_6.3.wav,leicht बासिया,Success
person_3_6.2.wav,दालीज्गिनो धपा,Success
New Recording 32.m4a,वेसार पत्छीस किलो घटाओ।,Success
New Recording 26.m4a,बेसार कती बाकी जब?,Success
"person_8_dal4,.wav",दाल एक किलो गटाउ,Success
person_3_18.2.wav,नून एक क्यूलो था पा,Success
person_4_daal ghatau - noise.wav,डाल एक किलो पटाओ,Success
person_2_18.2.wav,ത�emu �들을 Laser,Success
Besar thapa far.m4a,पेसार पौच्छीस किलो था पवाओ।,Success
Besar baki mormal l.m4a,Bizarre कोदी बाकी जो,Success
person_7_2x.wav,दाल एक केलो धपा,Success
person_4_nun - noise.wav,మామాక్లిభాకాలి చాలి,Success
"13 Feb, 22.38​(2).wav",चुरा पाथ्स किलो थबब,Success
Nahiti Batukvairab Marga 8.m4a,जुरा पाथ्स किलो पिछा,Success
person_7_44w.wav,इकोती बागी छवू,Success
"person_8_nun2,.wav",यूँ नेक्ति वे फ़ाप।,Success
Besar baaki4(1).m4a,विशर कोती बाकी छो?,Success
Nahiti Batukvairab Marga 17.m4a,मैदा दास किलो बेचे,Success
person_6_5c.wav,నుణ ఏకులు బొతర,Success
"13 Feb, 22.34​.wav",मैदा कती बाकी छाँ?,Success
person_8_chini2.wav,China was doesn't want to,Success
person_6_444a.wav,जिनी कती बाकिसाओ।,Success
"person_8_tel1,,.wav",तेल कोटी बांगी जो?,Success
person_2_2.3.wav,चाबल एक किलो थपः,Success
Anda bechey1(1).m4a,अंड़ पण्रोता बेचे,Success
person_4_nun becha.wav,नुन एक किलो बेजा,Success
person_7_555z.wav,नून एक किलो कटाव।,Success
person_4_nun becha - far.wav,1 kg बेजा,Success
person_4_tel ghatau - noise.wav,styling Danne dhe Keal,Success
person_6_222b.wav,दाल एक किलो थपा,Success
person_6_44a.wav,चीनी कती बागी सा?,Success
person_6_33c.wav,तेल एक लिटर बेचा,Success
Maida ghatau5.mp3,माईदा 10 किलो गटाव।,Success
person_6_4c.wav,చిని ఇక కిలి బిట మా సంని,Success
person_7_333y.wav,तेल एक लिटर रेचा,Success
person_1_चामल एक किलो घटाउ - Noise.wav,सामल एक चिलो गटावु,Success
person_1_नुन एक किलो थप - Clear.wav,Bloomberg  desenvol,Success
person_1_नुन कति बाँकी छ - Noise.wav,नून कती बायकी सर्व?,Success
"13 Feb, 22.35​.wav",बेसार पट्टिस किलो बेचें,Success
"person_8_chamel,4.wav",चामाल एक किल्यो गटाउ,Success
person_3_2.2.wav,चामाले 1 किरो धपा,Success
Nahiti Batukvairab Marga 13.m4a,मैदा कती बाकिछा?,Success
"person_8_nun3,,.wav",বেরেরে বেরে বে বরে বে,Success
"person_8_nun3,.wav",नुण एक गिलो बेत्सू।,Success
person_4_nun.wav,नून कती बात की छाह।,Success
person_2_6.3.wav,दाल एक किलो थपा,Success
"13 Feb, 22.38​(3).wav",चुरा पाथ किलो बेजे,Success
person_5_Chamal kati baki noise copy.wav,जाहुँ लोगते बाते शाउप।,Success
person_6_111a.wav,चामुल कती बाकी साथ?,Success
Besar thapa5(2).m4a,वेसार पौचीस किलो थापाओ,Success
Biscuit beche 3.mp3,इत बीस्पाकित बीजिएं,Success
Anda thapa2(1).m4a,अड़ा पान्डरो ओटा थापा,Success
person_7_3x.wav,एक लितर थापा।,Success
person_2_4.1.wav,1 kg चाबल गटावू,Success
New Recording 22.m4a,अंडा पंद्रो अडा बेची,Success
Besar ghatau notmal.m4a,अपने प्रेसार पुछ्छीस किलो गाता हुँ।,Success
New Recording 36.m4a,इसकुड बीस पैकेट थापपा,Success
"13 Feb, 22.39​(2).wav",मैदा कती बाकी छाँ?,Success
"person_8_tel1,.wav",तिल बडि पांखी शाँ।,Success
New Recording 37.m4a,बिस्कृट बीस पैकेट बेचे.,Success
New Recording 23.m4a,अन्ड़ पान्द्रवड़ा गटाव।,Success
person_4_chini thapa - far.wav,1 kg sugar,Success
person_4_daal thapa - far.wav,दाल एक किलू थपा,Success
"person_8_dal1,,.wav",दाल कोती बाकी छो?,Success
person_7_3y.wav,तेल एक लिटर बेचा,Success
person_7_111w.wav,चामल कदी बागी छा?,Success
Biscuit beche 2.mp3,biscuit bis packet bt,Success
Anda bechey3(1).m4a,अंड़ पौन्दरू वटा बेचे,Success
person_2_6.2.wav,दाल एक किलो थापा,Success
Nahiti Batukvairab Marga 12.m4a,अइंदा काती बागी छाँ।,Success
person_3_2.3.wav,सामाल एक किलो धबा,Success
Biscuit baki normal.m4a,बिस्कृ खाती बाकी था?,Success
person_6_444d.wav,चीनी 1 किलो काटाव,Success
person_5_Chini thapa noise.wav,जिनू अइकिलो तबा,Success
person_7_333x.wav,तेल एक लिटर भापा,Success
person_6_4b.wav,చిన్యాలు తాబా,Success
person_7_11z.wav,AMAL 1 kg कटाव।,Success
person_6_33b.wav,तेल एक लिटर धपा,Success
Besar baki noose.m4a,अभी सार्काती बाखे जाओगा।,Success
person_6_222c.wav,दाल एक किलो बिट्साब,Success
"person_8_chini1,,.wav",जिनी कछी पाकी से?,Success
person_4_tel ghatau - far.wav,1 litre daun,Success
person_6_222a.wav,दाल कती बाकी जा।,Success
"13 Feb, 22.40​(5).wav",बिसकुट बिस पैकेट थाबा,Success
person_7_11x.wav,साके असूा कास डेillary mention कास भी � HDMI Pause,Success
person_6_44b.wav,1kg ത്്്ത്,Success
person_6_5d.wav,하면,Success
"person_8_chini3,,.wav",चीणी 1 किलो बेच,Success
person_7_333z.wav,तेल एक लिटर गटाव।,Success
"13 Feb, 22.36​(7).wav",मैं दाजकी लूबेती,Success
Nahiti Batukvairab Marga 38.m4a,बिस्कृट बीस्पैकेर थपा,Success
"13 Feb, 22.39​.wav",चुरा पाच किलो कटाव।,Success
person_3_2.1.wav,चामालेक्किलो थपड,Success
Biscuit ghatau normal.m4a,बिस्कृ बिस्पाकेट खटाओ,Success
Nahiti Batukvairab Marga 10.m4a,रा पाच किलो गटाओ।,Success
person_1_दाल कति बाँकी छ - Noise.wav,दाल कठी बैटी साथ,Success
"person_8_dal3,,.wav",अदाले किलो बिट्ष्,Success
person_6_111b.wav,चामल एक किलो थबब,Success
person_1_चीनी एक किलो थप - Noise.wav,Sugar 1 kg,Success
person_2_4.2.wav,1 kg चाबल गटाओ,Success
New Recording 35.m4a,विस्कृट भीस्पैकेट थापपा,Success
New Recording 21.m4a,अन्ड़ पंद्रो ओताब बीची,Success
New Recording 20.m4a,अंडा पंद्र अडा तपः,Success
Biscuit ghatau far.m4a,पिस्कृट पिस्पैकेट कहतांगुए,Success
New Recording 34.m4a,बिस्कृत कोती बाकी था?,Success
person_4_chini becha.wav,1 kg बेज़,Success
person_1_चीनी कति बाँकी छ - Mic_s far away.wav,चीनी कोटी बागी छाँ?,Success
person_2_4.3.wav,साबल एक किलो घटाव।,Success
Biscuit beche 1.mp3,Biscuit BT,Success
person_7_3z.wav,तेल एक लिटर कटाव।,Success
person_6_111c.wav,चामल एक किलोबी चम,Success
person_2_6.1.wav,दाल एक किलो थापा,Success
person_1_नुन एक किलो घटाउ - Clear.wav,नून एक किलो गटाव।,Success
"13 Feb, 22.33​(4).wav",चुरा 5 किलो कटाओ,Success
person_4_tel kati baki cha.wav,तेल कठी बाकी छाँ,Success
person_5_Chini ghatau normal.wav,Dimi ikpile wa thaw,Success
"13 Feb, 22.36​(11).wav",अड़ा पन्द्रो अड़ा बेजें,Success
Anda beche far.m4a,अण दाग पौन्दर लभेतें।,Success
Nahiti Batukvairab Marga 11.m4a,चुरा पाच किलो घटाओ।,Success
person_4_chamal Kati baki cha.wav,चामल कती बाकी जहा?,Success
Chiura baki far.m4a,छुरा कोटी बाकी था लोगा?,Success
person_1_चीनी कति बाँकी छ - Clear.wav,चीनी कती बाकी छा?,Success
Nahiti Batukvairab Marga 39.m4a,biscuit bis spaget thapa,Success
Biscuit baaki 1.m4a,बिस्कृत कती बाकी छो?,Success
person_8_chini4.wav,चीनी एक किल्यो कटाव।,Success
person_6_4a.wav,चिनी कठी बाकी जा?,Success
"person_8_nun1,,.wav",नुन कती बाग्की शा?,Success
person_6_44c.wav,1 kg sugar,Success
person_7_11y.wav,चाइमाल एक किलो बेचा,Success
person_6_33a.wav,तिल कती बाकी जा,Success
Biscuit baki far.m4a,बिसकुल काते बाकिताँ।,Success
person_4_chini kati baki cha - noise.wav,जुनी पति बाईकि छाओँ।,Success
person_1_चीनी एक किलो थप - Mic_s far away.wav,S going to roll this sugar,Success
"13 Feb, 22.37​(6).wav",बिस्कृ खटी बाकी जा,Success
person_7_222w.wav,दाल कती बाकी सा?,Success
Chiura kati baki 4.mp3,सिव्रा काती बाकी छा?,Success
person_2_19.3.wav,दूद एक किलो बेचा,Success
person_3_19.3.wav,ểuन JUN one kilob balcony,Success
Chiura beche 3.mp3,चुड़ाप पाच कीडब बेते हैं।,Success
New Recording 7.m4a,जीवरा पाच किलो गटाओ।,Success
person_5_Chamal becha noise.wav,तामल एक प्लुलो बेजाए।,Success
person_3_7.3.wav,दाल एक किलो भेचा,Success
Anda ghatau4.m4a,अंड़ा पून्दर। ता गटाव।,Success
Maida bechey1.m4a,मैदा 10 किलो बेचे,Success
person_1_तेल एक किलो थप - Clear.wav,तेल एक किलो धबा,Success
person_6_3b.wav,तेल एक लिटर धपा,Success
Chiura bechey 5.m4a,चिव्रा पाच किरो बेटे,Success
"person_8_chini4,,.wav",चीनी 1 किल्यों गटाओ,Success
Nahiti Batukvairab Marga 62.m4a,बिस्किर बिस्पाकिर बेचे,Success
Anda baki normal.m4a,अंडा कोटी बाकी जाओ?,Success
Anda thapa2.m4a,अड़ा पान्डरो ओटा थापा,Success
person_3_5.1.wav,ताल कती बाकी छा?,Success
person_4_chini ghatau - noise.wav,चिम्मी एक किलो कटावुप्टु,Success
Maida kati baki 2.mp3,माई दा काटी बाकी छा?,Success
person_1_नुन एक किलो बेच - Mic_s far away.wav,नुन एक किलू बेचाओ,Success
person_5_Dal ghatau no nooise.wav,दाद इकिलो काटाव।,Success
"person_8_dal4,,.wav",दाले किलो गटाव।,Success
person_7_4y.wav,जिनी एक किलो पे चाँ।,Success
New Recording 53.m4a,बेसार कती बाकी साथ।,Success
person_6_22b.wav,दाली एक किलो थपा,Success
Besar baaki2(1).m4a,बिसार् कती बागी छो,Success
"13 Feb, 22.39​(5).wav",मैदा दस किलो कटाव।,Success
New Recording 47.m4a,महिला 10 किलो बेचे,Success
person_2_3.2.wav,1 kg चामल बेचाँ,Success
person_4_chini ghatau.wav,चुनी एक्ढिलो कटावु,Success
person_5_Chini kati baki far.wav,जुणी पढ़ी बादिसा,Success
person_2_3.3.wav,चाबल एक किलो बेचा,Success
person_6_55a.wav,ਸੁਸੀਸਸੀਸਸੀ !,Success
New Recording 46.m4a,महिदा दास किलो थफ़पा,Success
New Recording 52.m4a,अड़ा पान्दरो अड़ा गटाव।,Success
person_6_22c.wav,दाल एक किलू बिचा,Success
"person_8_dal2,.wav",दालेक्किन तौप।,Success
person_7_4x.wav,अनि एक किलो थबा,Success
person_2_1.1.wav,छामल कती बाकी छा?,Success
person_4_chini kati baki cha - far.wav,जिनि कोती बाईकि छा?,Success
person_5_Chamal kati baki noise.wav,जाहुमाल कोटी बागे साओ?,Success
Maida kati baki 3.mp3,मुईदा कटी बाकी छो?,Success
person_5_Chini ghatau far.wav,श्पीणी एक्किन्दा गटा हो,Success
person_1_तेल कति बाँकी छ - Noise.wav,तेल कोटी बाईकी जब?,Success
person_5_Tel kati baki far.wav,देइल कोडिबादिता,Success
"person_8_nun4,.wav",नुन एक किलो गटाव।,Success
Anda thapa3.m4a,अड़ा पण्रो अटा थोपा,Success
Nahiti Batukvairab Marga 63.m4a,इसकी रूइस पैंकेर गटा हूँ।,Success
Chiura bechey 4.m4a,चीव्रा पाच किलो बेचे,Success
Besar thapa4(1).m4a,देशार पाचीस किला थापा,Success
person_6_3c.wav,तिल एक लिटर भीचा,Success
Besar bechey2(1).m4a,बिसार पौचीस किलो बेचे,Success
person_5_Tel becha noise.wav,तीव रिति लोगिताँ।,Success
Anda thap 2.mp3,अण्ड़ा पून्द्रोता थपू,Success
Anda ghatau5.m4a,अंड़ा पौन्दरोता गटाव।,Success
person_3_7.2.wav,दाले किलोपेचा,Success
New Recording 6.m4a,10 完了5 kilos,Success
person_3_19.2.wav,नुइज्किलोदोप्यता,Success
Chiura beche 2.mp3,छीव रा पाँच किलो बेची,Success
person_2_19.2.wav,aidewek,Success
Chiura kati baki 5.mp3,ज्यूरा गदी बाकी था?,Success
New Recording 4.m4a,45 kg तपा,Success
Maida bechey2.m4a,महिदा 10 किलो बेचे,Success
Maida thapa4.m4a,मैदा दोस किलो थापा,Success
person_1_तेल एक किलो बेच - Mic_s far away.wav,तेल एक किलो बेचाँ,Success
person_4_chamal ek kilo becha.wav,चामल एक किलो बेजा,Success
Maida beche 5.mp3,मुइडा दौस किलो बेछें,Success
person_6_3a.wav,तिल कती बाकी जब।,Success
"person_8_nun4,,.wav",� веч Austral,Success
Maida thap 5.mp3,माईदा अप्माच किलो थब,Success
person_5_Chini becha normal.wav,तिनु जिक्टि लुबेगाँ।,Success
Nahiti Batukvairab Marga 61.m4a,Biscuit Whisk Packet Thapa,Success
Anda thapa1.m4a,अण्डा पंद्र अडद तपा,Success
Nahiti Batukvairab Marga 49.m4a,अइदा दा स्की रदा धाबा,Success
person_3_5.2.wav,दार गती बाकी छा.,Success
Maida baaki4.m4a,मैदा कती बाकी छो,Success
person_8_chmael3.wav,चामाल एक किलो बेच।,Success
Maida kati baki 1.mp3,मौई दा कोटी बाकी सा?,Success
"13 Feb, 22.33​(3).wav",जिव्रा पाइज किलो बेज हैं,Success
Besar bechey3.m4a,बिस गूट बिस पागेट बेचे,Success
"person_8_tel2,,.wav",तिले किलो थाब,Success
person_2_1.3.wav,चाबल कती बाकी छो?,Success
"13 Feb, 22.39​(9).wav",अड़ा पन्रावता कटावुगु,Success
person_7_4z.wav,sugar 1 kg,Success
"person_8_chini1,.wav",सिनी कदी माईगी साथ,Success
Maida thapa noise.m4a,माइदाल दस्पी लेत्रपार।,Success
New Recording 44.m4a,चुरा पाच किलो गटा हुँ।,Success
person_6_55c.wav,,Success
person_6_22a.wav,दाल कती बाकी था।,Success
"13 Feb, 22.34​(7).wav",अंड़ा पंद्रो वटा बेजें,Success
New Recording 50.m4a,अड़ा पंद्रावडा तपा,Success
person_4_daal becha.wav,दाल एक किलो बेचा,Success
person_2_3.1.wav,एक किलो चामल बेचा।,Success
person_4_tel becha - noise.wav,28 litre beta,Success
New Recording 51.m4a,आण्डा पान्द्रो अडा बेची,Success
person_6_55b.wav,N 분 1kg обрат,Success
New Recording 45.m4a,महीदा कटी बाकी था?,Success
person_4_tel thapa - noise.wav,तेल एक लिटर थापा,Success
person_2_1.2.wav,चामल कती बाकी छा?,Success
Biscuit ghatau2.mp3,...P.S. своиacer G hoop ... ... ...,Success
"13 Feb, 22.35​(6).wav",बिस्कृट पीस्पाकेट का डावु,Success
Besar bechey2.m4a,बिसकृट बिस्प्प्ड़केट पेजे,Success
Anda baki far.m4a,अंदा कोछी बाकी जा?,Success
Chiura ghatau normal.m4a,चुड़ा 5 किलो गटा हो,Success
Maida baaki5.m4a,मैदा कती बाकी छो,Success
person_3_5.3.wav,दालकती बाकी था।,Success
Besar thapau 1.m4a,बिसार पचीस किलो गटाव।,Success
Nahiti Batukvairab Marga 48.m4a,महिदा कदी बाति छा?,Success
Nahiti Batukvairab Marga 60.m4a,बिस्कृ खाती बागी था?,Success
Maida thap 4.mp3,माईदा 5 क्यूलो थफ़प,Success
Maida beche 4.mp3,मुइडा दास्टीर बेचें,Success
Anda ghatau4(1).m4a,अंड़ा पून्दर। ता गटाव।,Success
person_1_चामल कति बाँकी छ - Noise.wav,NOUNोरोDI safely,Success
person_6_2d.wav,दाल एक किलो कटाव,Success
Anda thap 1.mp3,अंड़ाप वाण्रावताय थप।,Success
Maida thapa5.m4a,माई दादास किलिए था पाओ,Success
Maida bechey3.m4a,महिदा 10 किलो बेजे,Success
person_3_7.1.wav,दाल एक किलो बेजा,Success
"13 Feb, 22.40​(2).wav",बेसार पचिस किलो बेजेइं,Success
New Recording 5.m4a,जीव्रा पाच किलो बेचा,Success
person_4_tel becha.wav,तेल एक लिटर बेचाओ,Success
person_4_nun thapa - far.wav,1,Success
person_2_19.1.wav,नून एक किलो बेचा,Success
Chiura beche 1.mp3,चीवरा पाजकिर बेचे,Success
person_3_19.1.wav,ਸੀਸੀਸੀੀੀੀੀੀ,Success
Anda thap3.mp3,आप वाण्रोल दटाब।,Success
person_1_चामल एक किलो बेच - Mic_s far away.wav,चामल एक किलो बेचन।,Success
person_5_Dal ghatau noise.wav,दाल एक किल गौडाम।,Success
Chiura beche 5.mp3,चीव रापाच किलिप बेचें,Success
Chiura kati baki 2.mp3,चीव्रा कटी बाकी छा?,Success
person_2_5.2.wav,दाल कती बाकी छो?,Success
"13 Feb, 22.40​(3).wav",बेसार पचिस किलो कटाव।,Success
Anda ghatau2.m4a,अड़ा पंदोल ता खटाउ।,Success
person_1_दाल कति बाँकी छ - Mic_s far away.wav,दाल कती बाकी छाँ?,Success
Chiura bechey 3.m4a,चीव रा पाट्स किलो बेटे!,Success
person_6_3d.wav,तिल इक लिटर घटाव।,Success
Maida thapa1.m4a,मैदा 10 किलो थापा,Success
Anda beche noise.m4a,अब अपाज़र लगे जे?,Success
Anda thap 5.mp3,अंड़ा पंद्रोड़ तप।,Success
person_2_20.1.wav,नून एक किलो गटाओ,Success
"person_8_dal2,,.wav",दालिक किलो थाब।,Success
person_3_20.1.wav,उन एक किलो गटाव।,Success
Nahiti Batukvairab Marga 58.m4a,ST TRUSH 45 kilometre BAY KIT,Success
Anda thapa4.m4a,अडा पान्दर अडा थापा,Success
person_1_तेल एक किलो घटाउ - Mic_s far away.wav,तेल एक क्यूलो बटाव,Success
Chiura thapa fan.m4a,जुडा पाथ किलो थाबा,Success
"person_8_chini2,,.wav",सीनियेक्किलत zwischen,Success
Maida baaki1.m4a,मैइदा कोती बाकी छो?,Success
Maida kati baki 4.mp3,मैं दापो दिमाकी छाँ,Success
person_3_3.1.wav,सामाल एक किलो बेता,Success
Maida ghatau far.m4a,मैंदा 10 किलो घटावाओ,Success
Chiura ghatau far(1).m4a,जीव राप पाथ किलो गाटा हो,Success
person_4_daal ghatau.wav,दाल एक किलो घटा हूँ,Success
person_1_चीनी एक किलो बेच - Noise.wav,छीडी एक किलू बेत्चः,Success
Besar beche 1.mp3,25 kg बेची,Success
person_3_1.3.wav,चामाव काची बाटी था।,Success
Biscuit thapa normal.m4a,बिस्कुट बिस्पाकित थपा,Success
New Recording 41.m4a,जीव्रा कती बाकी था?,Success
New Recording 55.m4a,देसार पच्छीस किलो बेचे,Success
person_5_Chini kati baki noise.wav,जुणिप पडिपादिपमा,Success
person_6_22d.wav,दाल एक किलो काताव,Success
New Recording 54.m4a,बेसार पचिस किलो थपः,Success
"13 Feb, 22.34​(6).wav",अंड़ा पंदरो वटाय थबब,Success
person_4_chini becha - far.wav,1 kg जीनि,Success
person_4_daal becha - far.wav,दान एक किलो बेजा,Success
New Recording 40.m4a,biscuit bis packet gata hu,Success
person_3_1.2.wav,चामल कती बागी छा?,Success
"13 Feb, 22.39​(8).wav",अड़ा पंद्रो वड़ा बेचें,Success
person_7_5z.wav,しか नोर्न् गल्ये ओगर्टाव।,Success
person_7_22w.wav,ताल कती बाकी शा?,Success
Maida kati baki 5.mp3,माईदा कोटी बाखी छो?,Success
person_5_Tel ghatau far.wav,1 kg गह्टा हो,Success
"13 Feb, 22.33​(2).wav",चुरा 5 किलो धपप,Success
Anda thapa5.m4a,अण्ड़ पंद्रा अटा तपा,Success
Maida thap 1.mp3,अइदा 5 किलो थुप।,Success
Nahiti Batukvairab Marga 59.m4a,225 kg गटाओ,Success
person_2_7.1.wav,ताल एक किलो भेचा,Success
Anda thap 4.mp3,,Success
person_1_चामल एक किलो थप - Noise.wav,चामल एक किलो थबब,Success
Maida beche 1.mp3,मौईदा 10 किलो बेचे,Success
person_5_Chini becha noise.wav,तुनी इत्तिभभीजाओ।,Success
Chiura bechey 2.m4a,चीवर पाट्ट किलो बेटे,Success
person_6_2a.wav,दाल कती बाकी छा?,Success
person_8_chamel..4.wav,सामल एक किलो गटाउ,Success
Biscuit beche far.m4a,बिस्कृ बिस्कृ पैकेट बेजे।,Success
person_1_दाल एक किलो बेच - Clear.wav,दाल एक किलो बेचा,Success
Anda ghatau3.m4a,अंडप पून्धो रोड़ा गताव।,Success
person_2_5.3.wav,दाल कती बाकी छो?,Success
Chiura kati baki 3.mp3,चिवरा पाटि बाकी शा,Success
person_5_Tel becha far.wav,wording,Success
Besar ghatau 1.mp3,भेसार पाचिस किलो घटाओ,Success
Chiura beche 4.mp3,चीव्रा पाच कीटो बेची,Success
Besar ghatau 3.mp3,अपने पाथ्छीस किलो बादा,Success
Chiura kati baki 1.mp3,चौरा कदी बाकी छा?,Success
Anda ghatau1.m4a,अन्डप पन्दरोता का ताव।,Success
Maida bechey4.m4a,मैदा 10 किलो बेचे,Success
person_2_5.1.wav,दाल कती बाकी था?,Success
New Recording 2.m4a,जीवुरापती बाकी छा।,Success
Maida beche 3.mp3,मुई दादोष्की लुश्टी,Success
Anda bechey5(1).m4a,अंड़ा पन्डर अटा बेचे,Success
"13 Feb, 22.33​.wav",चिव्रा कती बागी था?,Success
person_6_2c.wav,నాల ఏ కోల బిటు,Success
person_4_chamal Kati baki cha - nosie.wav,चामल कोटी बाकी थो,Success
person_5_Tel ghatau no noise.wav,तेइद एकिलो गोडाव।,Success
Maida thapa2.m4a,मैदा 10 किलो थापाओ,Success
"person_8_tel4,,.wav",तेल एक किलो गटाव।,Success
person_3_20.2.wav,विकून एक किलो कटाव।,Success
person_2_7.3.wav,दाल एक किलो बेटर,Success
person_2_20.2.wav,नून fossढी या।,Success
Maida thap 3.mp3,मुई दाप माच किरताप।,Success
Maida baaki2.m4a,मही दा कती बाकी था?,Success
person_7_55w.wav,शुफemment days,Success
Besar thapa normal.m4a,2025 kg धपा,Success
person_1_चीनी एक किलो घटाउ - Clear.wav,चीनी एक किलो गटाव।,Success
person_3_3.2.wav,चामालेक्किलो पेछा,Success
"person_8_nun2,,.wav",नूँन यख किलो थाप्ट।,Success
Besar bechey5.m4a,बिस्कृट बीस्पैकेट बेचे,Success
"person_8_dal3,.wav",दालेख किलोबेच।,Success
person_7_5x.wav,नूँण एक किलो थापा,Success
Besar beche 2.mp3,बेसाप्माच्छिस्मिनो बेटेइं,Success
person_4_chini becha - noise.wav,जुड़ी एक किलो बेजा है।,Success
New Recording 56.m4a,"23,5 kg गटाउ",Success
New Recording 42.m4a,छुरा पान्स किलो थापा,Success
person_4_chini thapa - noise.wav,जुनी एक तिले थाबाः।,Success
person_6_55d.wav,నున ఇక కోలలి కోట్ల్ లో ఆట్లు,Success
New Recording 43.m4a,चिवरा पांच किलो बेचा,Success
person_1_नुन एक किलो बेच - Clear.wav,नून एक किलू बेटा,Success
"13 Feb, 22.39​(4).wav",मैदा 10 किलो बेजें,Success
New Recording 57.m4a,बिसकिट कती बाकी था?,Success
person_3_1.1.wav,चामल कती बाकी छा?,Success
person_4_nun ghatau.wav,नून 1 क्लों घताू,Success
person_7_5y.wav,नुन एंइक किलो बेचा,Success
Besar beche 3.mp3,27-28 kg बेजी हैं।,Success
Besar bechey4.m4a,बिसकृ बी स्पाकेट बेते।,Success
Chiura ghatau far.m4a,चुड़ा 5 kg बढ़ाओ,Success
person_3_3.3.wav,अमहले एक फिलो बेजा,Success
Maida baaki3.m4a,मैदा कोती बाकी छो,Success
Biscuit thapa far.m4a,बिसकुट बिस्वेग तपौब।,Success
Maida thap 2.mp3,अपने दप माथ चिलप हुप।,Success
person_2_7.2.wav,दाल एक किलो भे चाह।,Success
person_2_20.3.wav,दूद एक किलो गटाओ।,Success
person_3_20.3.wav,नून एक किलो गटाव।,Success
Maida thapa3.m4a,माईदा 10 किलो थापा,Success
Anda thapa4(1).m4a,अडा पान्दर अडा थापा,Success
person_6_2b.wav,दाल एक किलो थबा,Success
Chiura bechey 1.m4a,चुड़ा बाथ किलो बेटे,Success
Maida beche 2.mp3,मुइ दाद अस्पिल बेटिंग।,Success
New Recording 3.m4a,चीवरा पाच किलो थपप,Success
Maida bechey5.m4a,महिदा 10 किलो बेचे,Success
person_5_Nun becha normal.wav,iliationictional,Success
Besar ghatau 2.mp3,,Success
